PLAYER,YRS,G,AB,R,H,2B,3B,HR,RBI,BB,SO,SB,CS,BA,HOF
Ty Cobb,24,3035,11434,2246,4189,724,295,117,726,1249,357,892,178,0.366,1
Stan Musial,22,3026,10972,1949,3630,725,177,475,1951,1599,696,78,31,0.331,1
Tris Speaker,22,2789,10195,1882,3514,792,222,117,724,1381,220,432,129,0.345,1
Derek Jeter,20,2747,11195,1923,3465,544,66,260,1311,1082,1840,358,97,0.31,1
Honus Wagner,21,2792,10430,1736,3430,640,252,101,0,963,327,722,15,0.329,1
Carl Yastrzemski,23,3308,11988,1816,3419,646,59,452,1844,1845,1393,168,116,0.285,1
Paul Molitor,21,2683,10835,1782,3319,605,114,234,1307,1094,1244,504,131,0.306,1
Eddie Collins,25,2826,9949,1821,3315,438,187,47,520,1499,286,744,173,0.333,1
Willie Mays,22,2992,10881,2062,3283,523,140,660,1903,1464,1526,338,103,0.302,1
Eddie Murray,21,3026,11336,1627,3255,560,35,504,1917,1333,1516,110,43,0.287,1
Nap Lajoie,21,2480,9589,1504,3242,657,163,83,0,516,85,380,21,0.338,1
George Brett,21,2707,10349,1583,3154,665,137,317,1596,1096,907,201,97,0.305,1
Paul Waner,20,2549,9459,1627,3152,605,191,113,1309,1091,376,104,0,0.333,1
Robin Yount,20,2856,11008,1632,3142,583,126,251,1406,966,1350,271,105,0.285,1
Tony Gwynn,20,2440,9288,1383,3141,543,85,135,1138,790,434,319,125,0.338,1
Dave Winfield,23,2973,11003,1669,3110,540,88,465,1834,1216,1686,223,96,0.283,1
Craig Biggio,20,2850,10876,1844,3060,668,55,291,1175,1160,1753,414,124,0.281,1
Rickey Henderson,25,3081,10961,2295,3055,510,66,297,1115,2190,1694,1406,335,0.279,1
Rod Carew,19,2469,9315,1424,3053,445,112,92,1015,1018,1028,353,187,0.328,1
Lou Brock,19,2616,10332,1610,3023,486,141,149,900,761,1730,938,307,0.293,1
Wade Boggs,18,2440,9180,1513,3010,578,61,118,1014,1412,745,24,35,0.328,1
Al Kaline,22,2834,10116,1622,3007,498,75,399,1583,1277,1020,137,65,0.297,1
Roberto Clemente,18,2433,9454,1416,3000,440,166,240,1305,621,1230,83,46,0.317,1
Cap Anson,22,2276,9101,1719,2995,528,124,97,0,952,294,247,0,0.329,1
Sam Rice,20,2404,9269,1514,2987,498,184,34,918,708,275,351,143,0.322,1
Sam Crawford,19,2517,9570,1391,2961,458,309,97,0,760,104,366,30,0.309,1
Frank Robinson,21,2808,10006,1829,2943,528,72,586,1812,1420,1532,204,77,0.294,1
Willie Keeler,19,2123,8591,1719,2932,241,145,33,0,524,36,495,0,0.341,1
Jake Beckley,20,2386,9526,1600,2930,473,243,86,0,616,270,315,0,0.308,1
Rogers Hornsby,23,2259,8173,1579,2930,541,169,301,1318,1038,679,135,64,0.358,1
Al Simmons,20,2215,8759,1507,2927,539,149,307,1827,615,737,88,64,0.334,1
Zack Wheat,19,2410,9106,1289,2884,476,172,132,608,650,559,205,49,0.317,1
Frankie Frisch,19,2311,9112,1532,2880,466,138,105,1220,728,272,419,74,0.316,1
Mel Ott,22,2730,9456,1859,2876,488,72,511,1860,1708,896,89,0,0.304,1
Babe Ruth,22,2503,8399,2174,2873,506,136,714,1983,2056,1330,123,117,0.342,1
Harold Baines,22,2830,9908,1299,2866,488,49,384,1628,1062,1441,34,34,0.289,1
Jesse Burkett,16,2066,8421,1720,2850,320,182,75,0,1029,230,389,0,0.338,1
Brooks Robinson,23,2896,10654,1232,2848,482,68,268,1357,860,990,28,22,0.267,1
Charlie Gehringer,19,2323,8860,1774,2839,574,146,184,1427,1186,372,181,89,0.32,1
George Sisler,15,2055,8267,1284,2812,425,164,102,894,472,327,375,127,0.34,1
Ken Griffey Jr.,22,2671,9801,1662,2781,524,38,630,1836,1312,1779,184,69,0.284,1
Andre Dawson,21,2627,9927,1373,2774,503,98,438,1591,589,1509,314,110,0.279,1
Luke Appling,20,2422,8856,1319,2749,440,102,45,1116,1302,528,179,108,0.31,1
Goose Goslin,18,2287,8656,1483,2735,500,173,248,1609,949,585,175,89,0.316,1
Tony Perez,23,2777,9778,1272,2732,505,79,379,1652,925,1867,49,33,0.279,1
Chipper Jones,19,2499,8984,1619,2726,549,38,468,1623,1512,1409,150,46,0.303,1
Roberto Alomar,17,2379,9073,1508,2724,504,80,210,1134,1032,1140,474,114,0.3,1
Lou Gehrig,17,2164,8001,1888,2721,534,163,493,1995,1508,790,102,101,0.34,1
Billy Williams,18,2488,9350,1410,2711,434,88,426,1475,1045,1046,90,49,0.29,1
Luis Aparicio,18,2599,10230,1335,2677,394,92,83,791,736,742,506,136,0.262,1
Fred Clarke,21,2242,8568,1619,2672,361,220,67,0,874,135,506,0,0.312,1
Max Carey,20,2476,9363,1545,2665,419,159,70,432,1040,695,738,92,0.285,1
Nellie Fox,19,2367,9232,1279,2663,355,112,35,790,719,216,76,80,0.288,1
George Davis,24,2368,9031,1539,2660,451,163,73,0,870,180,616,0,0.295,1
Harry Heilmann,17,2148,7787,1291,2660,542,151,183,1230,856,550,113,64,0.342,1
Ted Williams,19,2292,7706,1798,2654,525,71,521,1839,2019,709,24,17,0.344,1
Jimmie Foxx,20,2317,8134,1751,2646,458,125,534,1922,1452,1311,87,72,0.325,1
Rabbit Maranville,23,2670,10078,1255,2605,380,177,28,580,839,756,291,93,0.258,1
Ed Delahanty,16,1835,7505,1599,2596,522,185,101,0,741,244,455,0,0.346,1
Vladimir Guerrero,16,2147,8155,1328,2590,477,46,449,1496,737,985,181,94,0.318,1
Reggie Jackson,21,2820,9864,1551,2584,463,49,563,1702,1375,2597,228,115,0.262,1
Ernie Banks,19,2528,9421,1305,2583,407,90,512,1636,763,1236,50,53,0.274,1
Richie Ashburn,15,2189,8365,1322,2574,317,109,29,586,1198,571,234,92,0.308,1
Heinie Manush,17,2008,7654,1287,2524,491,160,110,1183,506,345,114,58,0.33,1
Joe Morgan,22,2649,9277,1650,2517,449,96,268,1133,1865,1015,689,162,0.271,1
Fred McGriff,19,2460,8757,1349,2490,441,24,493,1550,1305,1882,72,38,0.284,1
David Ortiz,20,2408,8640,1419,2472,632,19,541,1768,1319,1750,17,9,0.286,1
Ted Simmons,21,2456,8680,1074,2472,483,47,248,1389,855,694,21,33,0.285,1
Joe Medwick,17,1984,7635,1198,2471,540,113,205,1383,437,551,42,0,0.324,1
Frank Thomas,19,2322,8199,1494,2468,495,12,521,1704,1667,1397,32,23,0.301,1
Roger Connor,18,1997,7794,1620,2467,441,233,138,0,1002,449,244,0,0.317,1
Harry Hooper,17,2309,8785,1429,2466,389,160,75,373,1136,412,375,121,0.281,1
Ozzie Smith,19,2573,9396,1257,2460,402,69,28,793,1072,589,580,148,0.262,1
Lloyd Waner,18,1993,7772,1201,2459,281,118,27,598,420,173,67,0,0.316,1
Jim Rice,16,2089,8225,1249,2452,373,79,382,1451,670,1423,58,34,0.298,1
Red Schoendienst,19,2216,8479,1223,2449,427,78,84,773,606,346,89,27,0.289,1
Pie Traynor,17,1941,7559,1183,2416,371,164,58,1273,472,278,158,46,0.32,1
Mickey Mantle,18,2401,8102,1677,2415,344,72,536,1509,1733,1710,153,38,0.298,1
Ryne Sandberg,16,2164,8385,1318,2386,403,76,282,1061,761,1260,344,107,0.285,1
Enos Slaughter,19,2380,7946,1247,2383,413,148,169,1304,1018,538,71,15,0.3,1
Edd Roush,18,1967,7363,1099,2376,339,182,68,671,484,260,268,92,0.323,1
Alan Trammell,20,2293,8288,1231,2365,412,55,185,1003,850,874,236,109,0.285,1
Carlton Fisk,24,2499,8756,1276,2356,421,47,376,1330,849,1386,128,58,0.269,1
Orlando Cepeda,17,2124,7927,1131,2351,417,27,379,1365,588,1169,142,80,0.297,1
Billy Herman,15,1922,7707,1163,2345,486,82,47,839,737,428,67,0,0.304,1
Joe Torre,18,2209,7874,996,2342,344,59,252,1185,779,1094,23,29,0.297,1
Barry Larkin,19,2180,7937,1329,2340,441,76,198,960,939,817,379,77,0.295,1
Jim Thome,22,2543,8422,1583,2328,451,26,612,1699,1747,2548,19,20,0.276,1
Eddie Mathews,17,2391,8537,1509,2315,354,72,512,1453,1444,1487,68,39,0.271,1
Jeff Bagwell,15,2150,7797,1517,2314,488,32,449,1529,1401,1558,202,78,0.297,1
Jim Bottomley,16,1991,7471,1177,2313,465,151,219,1422,664,591,58,15,0.31,1
Bobby Wallace,25,2383,8618,1057,2309,391,143,34,0,774,79,201,2,0.268,1
Jim O'rourke,19,1774,7435,1446,2304,414,132,50,0,481,348,191,0,0.31,1
Kirby Puckett,12,1783,7244,1071,2304,414,57,207,1085,450,965,134,76,0.318,1
Kiki Cuyler,18,1879,7161,1305,2299,394,157,128,1065,676,752,328,27,0.321,1
Dan Brouthers,19,1673,6711,1523,2296,460,205,106,0,840,238,256,0,0.342,1
Joe Cronin,20,2124,7579,1233,2285,515,118,170,1424,1059,700,87,71,0.301,1
Hugh Duffy,17,1737,7042,1552,2282,325,119,106,0,662,211,574,0,0.324,1
Ron Santo,15,2243,8143,1138,2254,365,67,342,1331,1108,1343,35,41,0.277,1
Bid McPhee,18,2135,8291,1678,2250,303,188,53,0,981,229,568,0,0.271,1
Edgar Martinez,18,2055,7213,1219,2247,514,15,309,1261,1283,1202,49,30,0.312,1
Mike Schmidt,18,2404,8352,1506,2234,408,59,548,1595,1507,1883,174,92,0.267,1
Willie Stargell,21,2360,7927,1195,2232,423,55,475,1540,937,1936,17,16,0.282,1
Joe Sewell,14,1903,7132,1141,2226,436,68,49,1055,842,114,74,72,0.312,1
Joe Kelley,17,1853,7006,1421,2220,358,194,65,0,911,163,443,0,0.317,1
Joe DiMaggio,13,1736,6821,1390,2214,389,131,361,1537,790,369,30,9,0.325,1
Willie McCovey,22,2588,8197,1229,2211,353,46,521,1555,1345,1550,26,22,0.27,1
Bill Terry,14,1721,6428,1120,2193,373,112,154,1078,537,449,56,6,0.341,1
Pee wee Reese,16,2166,8058,1338,2170,330,80,126,885,1210,890,232,45,0.269,1
Larry Walker,18,1988,6907,1355,2160,471,62,383,1311,913,1231,230,76,0.313,1
Billy Hamilton,14,1591,6268,1690,2158,242,94,40,0,1187,218,912,0,0.344,1
Yogi Berra,19,2120,7555,1175,2150,321,49,358,1430,704,414,30,26,0.285,1
Mike Piazza,16,1912,6911,1048,2127,344,8,427,1335,759,1113,17,20,0.308,1
Duke Snider,18,2143,7161,1259,2116,358,85,407,1333,971,1237,99,50,0.295,1
John Ward,17,1825,7647,1408,2104,231,96,26,0,420,326,540,0,0.275,1
Arky Vaughan,14,1817,6622,1173,2103,356,128,96,926,937,276,118,0,0.318,1
Gary Carter,19,2296,7971,1025,2092,371,31,324,1225,848,997,39,42,0.262,1
Harmon Killebrew,22,2435,8147,1283,2086,290,24,573,1584,1559,1699,19,18,0.256,1
George Burns,15,1853,7241,1188,2077,362,108,41,260,872,565,383,139,0.287,1
Scott Rolen,17,2038,7398,1211,2077,517,43,316,1287,899,1410,118,49,0.281,1
Chuck Klein,17,1753,6486,1168,2076,398,74,300,1201,601,521,79,0,0.32,1
George Kell,15,1795,6702,881,2054,385,50,78,870,621,287,51,36,0.306,1
Johnny Bench,17,2158,7658,1091,2048,381,24,389,1376,891,1278,68,43,0.267,1
Bobby Doerr,14,1865,7093,1094,2042,381,89,223,1247,809,608,54,64,0.288,1
Earl Averill,13,1668,6353,1224,2019,401,128,238,1164,774,518,70,57,0.318,1
George Burns,16,1866,6573,901,2018,444,72,72,604,363,433,154,63,0.307,1
Bill Mazeroski,17,2163,7755,769,2016,294,62,138,853,447,706,27,23,0.26,1
Johnny Mize,15,1884,6443,1118,2011,367,83,359,1337,856,524,28,1,0.312,1
Dave Bancroft,16,1913,7182,1048,2004,320,77,32,434,827,487,145,75,0.279,1
Jimmy Collins,14,1725,6795,1055,1999,352,116,65,0,426,32,194,0,0.294,1
Sam Thompson,15,1407,5984,1256,1979,340,160,127,0,450,226,229,0,0.331,1
Bill Dickey,17,1789,6300,930,1969,343,72,202,1209,678,289,36,29,0.313,1
Minnie Minoso,17,1835,6579,1136,1963,336,83,186,1023,814,584,205,130,0.298,1
Gil Hodges,18,2071,7030,1105,1921,295,48,370,1274,943,1137,63,31,0.273,1
Tony Oliva,15,1676,6301,870,1917,329,48,220,947,448,645,86,55,0.304,1
Gabby Hartnett,20,1990,6432,867,1912,396,64,236,1179,703,697,28,7,0.297,1
Earle Combs,12,1455,5746,1186,1866,309,154,58,632,670,278,96,71,0.325,1
Tony Lazzeri,14,1740,6297,986,1840,334,115,178,1191,869,864,148,79,0.292,1
King Kelly,16,1455,5894,1357,1813,359,102,69,0,549,418,368,0,0.308,1
Ernie Lombardi,17,1853,5855,601,1792,277,27,190,990,430,262,8,0,0.306,1
Lou Boudreau,15,1646,6029,861,1779,385,66,68,789,796,309,51,50,0.295,1
George Kelly,16,1622,5993,819,1778,337,76,148,999,386,694,65,43,0.297,1
Travis Jackson,15,1656,6086,833,1768,291,86,135,929,412,565,71,13,0.291,1
Elmer Flick,13,1483,5597,950,1752,268,164,48,0,597,0,330,0,0.313,1
Rick Ferrell,18,1884,6028,687,1692,324,45,28,734,931,277,29,35,0.281,1
Joe Tinker,15,1804,6434,774,1687,263,114,31,0,416,149,336,0,0.262,1
Frank Thomas,16,1766,6285,792,1671,262,31,286,962,484,894,15,22,0.266,1
Hank Aaron,23,3298,12364,2174,3771,624,98,755,2297,1402,1383,240,73,0.305,1
Cal Ripken,21,3001,11551,1647,3184,603,44,431,1695,1129,1305,36,39,0.276,1
Omar Vizquel,24,2968,10586,1445,2877,456,77,80,951,1028,1087,404,167,0.272,0
Iván Rodríguez,21,2544,9594,1354,2845,573,51,311,1333,513,1475,127,64,0.297,1
Johnny Damon,18,2490,9736,1668,2769,522,109,235,1139,1003,1257,408,103,0.284,0
Vada Pinson,18,2469,9645,1366,2757,485,127,256,1170,574,1196,305,122,0.286,0
Al Oliver,18,2368,9049,1189,2743,529,77,219,1326,535,756,84,64,0.303,0
Carlos Beltran,20,2586,9768,1582,2725,565,78,435,1587,1084,1795,312,49,0.279,0
Rusty Staub,23,2951,9720,1189,2716,499,47,292,1466,1255,888,47,33,0.279,0
Bill Buckner,22,2517,9397,1077,2715,498,49,174,1208,450,453,183,73,0.289,0
Dave Parker,19,2466,9358,1272,2712,526,75,339,1493,683,1537,154,113,0.29,0
Doc Cramer,20,2239,9140,1357,2705,396,109,37,842,572,345,62,73,0.296,0
Lave Cross,21,2275,9072,1333,2645,411,135,47,0,464,90,301,0,0.292,0
Tim Raines Sr.,23,2502,8872,1571,2605,430,113,170,980,1330,966,808,146,0.294,2
Steve Garvey,19,2332,8835,1143,2599,440,43,272,1308,479,1003,83,62,0.294,0
Luis Gonzalez,19,2591,9157,1412,2591,596,68,354,1439,1155,1218,128,87,0.283,0
Julio Franco,23,2527,8677,1285,2586,407,54,173,1194,917,1341,281,107,0.298,0
Willie Davis,18,2429,9174,1217,2561,395,138,182,1053,418,977,398,131,0.279,0
Steve Finley,19,2583,9397,1443,2548,449,124,304,1167,844,1299,320,118,0.271,0
George Vanhaltren,17,1984,8021,1639,2532,285,161,69,0,868,305,583,0,0.316,0
Garret Anderson,17,2228,8640,1084,2529,522,36,287,1365,429,1224,80,47,0.293,0
Todd Helton,17,2247,7962,1401,2519,592,37,369,1406,1335,1175,37,29,0.316,0
Buddy Bell,18,2405,8995,1151,2514,425,56,201,1106,836,776,55,79,0.279,0
Jimmy Ryan,18,2012,8164,1642,2502,451,157,118,0,803,361,418,0,0.306,0
Mickey Vernon,20,2409,8731,1196,2495,490,120,172,1311,955,869,137,90,0.286,0
Bobby Abreu,18,2425,8480,1453,2470,574,59,288,1363,1476,1840,400,128,0.291,0
Jeff Kent,17,2298,8498,1320,2461,560,47,377,1518,801,1522,94,60,0.29,0
Bill Dahlen,21,2443,9031,1589,2457,413,163,84,0,1064,269,547,0,0.272,0
Jimmy Rollins,17,2275,9294,1421,2455,511,115,231,936,813,1264,470,105,0.264,0
Torii Hunter,19,2372,8857,1296,2452,498,39,353,1391,661,1741,195,99,0.277,0
Dwight Evans,20,2606,8996,1470,2446,483,73,385,1384,1391,1697,78,59,0.272,0
Mark Grace,16,2245,8065,1179,2445,511,45,173,1146,1075,642,70,48,0.303,0
Kenny Lofton,17,2103,8120,1528,2428,383,116,130,781,945,1016,622,160,0.299,0
Stuffy McInnis,19,2128,7822,872,2405,312,101,20,416,380,189,172,59,0.307,0
Chili Davis,19,2436,8673,1240,2380,424,30,350,1372,1194,1698,142,98,0.274,0
Brett Butler,17,2213,8180,1359,2375,277,131,54,578,1129,907,558,257,0.29,0
Michael Young,14,1970,7918,1137,2375,441,60,185,1030,575,1235,90,30,0.3,0
Lou Whitaker,19,2390,8570,1386,2369,420,65,244,1084,1197,1099,143,75,0.276,0
Joe Judge,20,2171,7898,1184,2352,433,159,71,890,965,478,213,92,0.298,0
Paul Konerko,18,2349,8393,1162,2340,410,8,439,1412,921,1391,9,4,0.279,0
Bernie Williams,16,2076,7869,1366,2336,449,55,287,1257,1069,1212,147,87,0.297,0
Andres Galarraga,19,2257,8096,1195,2333,444,32,399,1425,583,2003,128,81,0.288,0
Edgar Renteria,16,2152,8142,1200,2327,436,29,140,923,718,1182,294,108,0.286,0
B.J. Surhoff,19,2313,8258,1062,2326,440,42,188,1153,640,839,141,84,0.282,0
Dave Concepcion,19,2488,8723,993,2326,389,48,101,950,736,1186,321,109,0.267,0
Jake Daubert,15,2014,7673,1117,2326,250,165,56,263,623,489,251,78,0.303,0
Aramis Ramirez,18,2194,8136,1098,2303,495,24,386,1417,633,1238,29,18,0.283,0
Charlie Grimm,20,2166,7917,908,2299,394,108,79,1060,578,410,57,44,0.29,0
Gary Gaetti,20,2507,8951,1130,2280,443,39,360,1341,634,1602,96,65,0.255,0
Tony Fernandez,17,2158,7911,1057,2276,414,92,94,844,690,784,246,138,0.288,0
Carlos Lee,14,2099,7983,1125,2273,469,19,358,1363,655,984,125,47,0.285,0
Jimmy Dykes,22,2282,8046,1108,2256,453,90,108,1057,958,850,70,55,0.28,0
Willie McGee,18,2201,7649,1010,2254,350,94,79,856,448,1238,352,121,0.295,0
Patsy Donovan,17,1821,7496,1318,2253,207,75,16,0,453,131,518,0,0.301,0
Tommy Corcoran,18,2200,8804,1184,2252,289,155,34,0,382,205,387,0,0.256,0
Jose Cruz,19,2353,7917,1036,2251,391,94,165,1077,898,1031,317,136,0.284,0
Marquis Grissom,17,2165,8275,1187,2251,386,56,227,967,553,1240,429,116,0.272,0
Bert Campaneris,19,2328,8684,1181,2249,313,86,79,646,618,1142,649,199,0.259,0
John Olerud,17,2234,7592,1139,2239,500,13,255,1230,1275,1016,11,14,0.295,0
Fred Tenney,17,1994,7595,1278,2231,270,77,22,0,874,43,285,0,0.294,0
Graig Nettles,22,2700,8986,1193,2225,328,28,390,1314,1088,1209,32,36,0.248,0
Darrell Evans,21,2687,8973,1344,2223,329,36,414,1354,1605,1410,98,68,0.248,0
Juan Pierre,14,1994,7525,1075,2217,255,94,18,517,464,479,614,203,0.295,0
Joe Kuhel,18,2104,7984,1236,2212,412,111,131,1049,980,612,178,90,0.277,0
Willie Randolph,18,2202,8018,1239,2210,316,65,54,687,1243,675,271,94,0.276,0
Willie Wilson,19,2154,7731,1169,2207,281,147,41,585,425,1144,668,134,0.285,0
Jason Kendall,15,2085,7627,1030,2195,394,35,75,744,721,686,189,89,0.288,0
Stan Hack,16,1938,7278,1239,2193,363,81,57,642,1092,466,165,0,0.301,0
Cecil Cooper,17,1896,7349,1012,2192,415,47,241,1125,448,911,89,49,0.298,0
Larry Bowa,16,2247,8418,987,2191,262,99,15,525,474,569,318,105,0.26,0
Joe Carter,16,2189,8422,1170,2184,432,53,396,1445,527,1387,231,66,0.259,0
Keith Hernandez,17,2088,7370,1124,2182,426,60,162,1071,1070,1012,98,63,0.296,0
Will Clark,15,1976,7173,1186,2176,440,47,284,1205,937,1190,67,48,0.303,0
Sherry Magee,16,2087,7441,1112,2169,425,166,83,0,736,359,441,12,0.291,0
Dick Bartell,18,2016,7629,1130,2165,442,71,79,710,748,627,109,3,0.284,0
Hal Chase,15,1919,7417,980,2158,322,124,57,0,276,306,363,15,0.291,0
Magglio Ordonez,15,1848,6978,1076,2156,426,21,294,1236,651,852,94,50,0.309,0
Don Mattingly,14,1785,7003,1007,2153,442,20,222,1099,588,444,14,9,0.307,0
Victor Martinez,16,1973,7297,914,2153,423,3,246,1178,730,891,7,7,0.295,0
Ruben Sierra,20,2186,8044,1084,2152,428,59,306,1322,610,1239,142,52,0.268,0
Ed Konetchy,15,2085,7649,972,2150,344,181,75,145,689,545,255,5,0.281,0
Ken Boyer,15,2034,7455,1104,2143,318,68,282,1141,713,1017,105,77,0.287,0
Ken Griffey Sr.,19,2097,7229,1129,2143,364,77,152,859,719,898,200,83,0.296,0
Tommy Leach,19,2156,7959,1355,2143,266,172,63,0,820,278,361,14,0.269,0
Placido Polanco,16,1927,7214,1009,2142,348,32,104,723,429,538,81,30,0.297,0
Dick Groat,14,1929,7484,829,2138,352,67,39,707,490,512,14,27,0.286,0
Jose Reyes,16,1877,7552,1180,2138,387,131,145,719,589,914,517,127,0.283,0
Wally Moses,17,2012,7356,1124,2138,435,110,89,679,821,457,174,81,0.291,0
Don Baylor,19,2292,8198,1236,2135,366,28,338,1276,805,1069,285,120,0.26,0
Maury Wills,14,1942,7588,1067,2134,177,71,20,458,552,684,586,208,0.281,0
Moises Alou,17,1942,7037,1109,2134,421,39,332,1287,737,894,106,37,0.303,0
Buddy Myer,17,1923,7038,1174,2131,353,130,38,850,965,428,156,109,0.303,0
Herman Long,16,1874,7674,1455,2127,342,97,91,0,612,261,534,0,0.277,0
Joe Mauer,15,1858,6930,1018,2123,428,30,143,923,939,1034,52,19,0.306,0
Tommy Davis,18,1999,7223,811,2121,272,35,153,1052,381,754,136,59,0.294,0
Dale Murphy,18,2180,7960,1197,2111,350,39,398,1266,986,1748,161,68,0.265,0
Chris Chambliss,17,2175,7571,912,2109,392,42,185,972,632,926,40,35,0.279,0
Ellis Burks,18,2000,7232,1253,2107,402,63,352,1206,793,1340,181,84,0.291,0
Paul O'Neill,17,2053,7318,1041,2105,451,21,281,1269,892,1166,141,73,0.288,0
Felipe Alou,17,2082,7339,985,2101,359,49,206,852,423,706,107,67,0.286,0
Clyde Milan,16,1982,7359,1004,2100,240,105,17,86,685,197,495,78,0.285,0
Brian Downing,20,2344,7853,1188,2099,360,28,275,1073,1197,1127,50,44,0.267,0
Garry Templeton,16,2079,7721,893,2096,329,106,70,728,375,1092,242,129,0.271,0
Matt Holliday,15,1903,7009,1157,2096,468,32,316,1220,802,1362,108,37,0.299,0
Alfonso Soriano,16,1975,7750,1152,2095,481,31,412,1159,496,1803,289,84,0.27,0
Harvey Kuenn,15,1833,6913,951,2092,356,56,87,671,594,404,68,56,0.303,0
Hal McRae,19,2084,7218,940,2091,484,66,191,1097,648,779,109,78,0.29,0
Alvin Dark,14,1828,7219,1064,2089,358,72,126,757,430,534,59,27,0.289,0
Cesar Cedeno,17,2006,7310,1084,2087,436,60,199,976,664,938,550,179,0.285,0
Tim Wallach,17,2212,8099,908,2085,432,36,260,1125,649,1307,51,66,0.257,0
Jimmy Sheckard,17,2122,7605,1296,2084,354,136,56,0,1135,233,465,0,0.274,0
Ed McKean,13,1654,6890,1227,2083,272,158,66,0,635,157,323,0,0.302,0
Carney Lansford,15,1862,7158,1007,2074,332,40,151,874,553,719,224,104,0.29,0
Dixie Walker,18,1905,6740,1037,2064,376,96,105,1023,817,325,59,10,0.306,0
Bobby Veach,14,1821,6656,953,2063,393,147,64,530,571,367,195,84,0.31,0
Del Ennis,14,1903,7254,985,2063,358,69,288,1284,597,719,45,19,0.284,0
Bob Elliott,15,1978,7141,1064,2061,382,94,170,1195,967,604,60,2,0.289,0
Wally Joyner,16,2033,7127,973,2060,409,26,204,1106,833,825,60,39,0.289,0
Orlando Cabrera,15,1985,7562,985,2055,459,32,123,854,514,745,216,57,0.272,0
Ray Durham,14,1975,7408,1249,2054,440,79,192,875,820,1201,273,97,0.277,0
Bob Johnson,13,1863,6920,1239,2051,396,95,288,1283,1075,851,96,64,0.296,0
Dummy Hoy,14,1796,7112,1426,2044,248,121,40,0,1004,210,594,0,0.287,0
A.J. Pierzynski,19,2059,7290,807,2043,407,24,188,909,308,895,15,23,0.28,0
Jack Glasscock,17,1736,7030,1163,2040,313,98,27,0,439,212,372,0,0.29,0
Mark Grudzielanek,15,1802,7052,946,2040,391,36,90,640,364,954,133,52,0.289,0
Carlos Delgado,17,2035,7283,1241,2038,483,18,473,1512,1109,1745,14,8,0.28,0
Raul Ibanez,19,2161,7471,1055,2034,424,51,305,1207,713,1374,50,29,0.272,0
Lee May,18,2071,7609,959,2031,340,31,354,1244,487,1570,39,35,0.267,0
Brandon Phillips,17,1902,7378,1005,2029,368,35,211,951,420,1092,209,84,0.275,0
Ken Singleton,15,2082,7189,985,2029,317,25,246,1065,1263,1246,21,36,0.282,0
Tony Phillips,18,2161,7617,1300,2023,360,50,160,819,1319,1499,177,114,0.266,0
Amos Otis,17,1998,7299,1092,2020,374,66,193,1007,757,1008,341,93,0.277,0
Reggie Smith,17,1987,7033,1123,2020,363,57,314,1092,890,1030,137,86,0.287,0
Gary Matthews,16,2033,7147,1083,2011,319,51,234,978,940,1125,183,74,0.281,0
Bobby Bonilla,16,2113,7213,1084,2010,408,61,287,1173,912,1204,45,57,0.279,0
Bill Madlock,15,1806,6594,920,2008,348,34,163,860,605,510,174,90,0.305,0
Tony Taylor,19,2195,7680,1005,2007,298,86,75,598,613,1083,234,111,0.261,0
Frank White,18,2324,7859,912,2006,407,58,160,886,412,1035,178,83,0.255,0
Todd Zeile,16,2158,7573,986,2004,397,23,253,1110,945,1279,53,51,0.265,0
Shawn Green,15,1951,7082,1129,2003,445,35,328,1070,744,1315,162,52,0.283,0
Ian Kinsler,14,1888,7423,1243,1999,416,41,257,909,693,1046,243,74,0.269,0
Del Pratt,13,1836,6826,856,1996,392,117,43,402,513,360,247,108,0.292,0
Willie Horton,18,2028,7298,873,1993,284,40,325,1163,620,1313,20,38,0.273,0
George Scott,14,2034,7433,957,1992,306,60,271,1051,699,1418,69,57,0.268,0
Gee Walker,15,1784,6771,954,1991,399,76,124,997,330,600,223,70,0.294,0
Charlie Jamieson,18,1779,6560,1062,1990,322,80,18,490,748,345,131,110,0.303,0
Jeff Conine,17,2024,6957,870,1982,385,36,214,1071,671,1168,54,29,0.285,0
Cy Williams,19,2002,6780,1024,1981,306,74,251,717,690,721,115,82,0.292,0
Dusty Baker,19,2039,7117,964,1981,320,23,242,1013,762,926,137,73,0.278,0
George Hendrick,18,2048,7129,941,1980,343,27,267,1111,567,1013,59,47,0.278,0
Phil Cavarretta,22,2030,6754,990,1977,347,99,95,920,820,598,65,0,0.293,0
Jay Bell,18,2063,7398,1123,1963,394,67,195,860,853,1443,91,60,0.265,0
Melky Cabrera,15,1887,6878,895,1962,383,45,144,854,510,891,101,37,0.285,0
Fred Lynn,17,1969,6925,1063,1960,388,43,306,1111,857,1116,72,54,0.283,0
Derrek Lee,15,1942,6962,1081,1959,432,30,331,1078,874,1622,104,48,0.281,0
Ben Chapman,15,1717,6478,1144,1958,407,107,90,977,824,556,287,135,0.302,0
Toby Harrah,17,2155,7402,1115,1954,307,40,195,918,1153,868,238,94,0.264,0
Tom Brown,17,1786,7363,1521,1951,239,138,64,0,748,708,657,0,0.265,0
Jim Edmonds,17,2011,6858,1251,1949,437,25,393,1199,998,1729,67,50,0.284,0
Steve Sax,14,1769,6940,913,1949,278,47,54,550,556,584,444,178,0.281,0
Kid Gleason,22,1966,7452,1020,1944,216,80,15,0,500,131,328,0,0.261,0
Pinky Higgins,14,1802,6636,930,1941,374,51,140,1075,800,590,61,59,0.292,0
Wally Pipp,15,1872,6914,974,1941,311,148,90,675,596,551,125,60,0.281,0
Adam Jones,14,1823,7009,963,1939,336,29,282,945,340,1395,97,35,0.277,0
Bing Miller,16,1820,6212,946,1934,389,96,116,990,383,340,127,82,0.311,0
Devon White,17,1941,7344,1125,1934,378,71,208,846,541,1526,346,98,0.263,0
Andruw Jones,17,2196,7599,1204,1933,383,36,434,1289,891,1748,152,59,0.254,0
Carl Crawford,15,1716,6655,998,1931,309,123,136,766,377,1067,480,109,0.29,0
Don Kessinger,16,2078,7651,899,1931,254,80,14,527,684,759,100,85,0.252,0
Larry Gardner,17,1923,6688,866,1931,301,129,27,322,654,282,165,68,0.289,0
Bobby Lowe,18,1818,7064,1131,1929,230,85,71,0,473,214,302,0,0.273,0
Bill Russell,18,2181,7318,796,1926,293,57,46,627,483,667,167,69,0.263,0
Marty McManus,15,1831,6660,1008,1926,401,88,120,996,675,558,126,91,0.289,0
George Foster,18,1977,7023,986,1925,307,47,348,1239,666,1419,51,31,0.274,0
Tino Martinez,16,2023,7111,1008,1925,365,21,339,1271,780,1069,27,20,0.271,0
Fielder Jones,15,1788,6747,1180,1920,206,75,21,0,817,15,359,0,0.285,0
Jose Cardenal,18,2017,6964,936,1913,333,46,138,775,608,807,329,139,0.275,0
Ron Fairly,21,2442,7184,931,1913,307,33,215,1044,1052,877,35,33,0.266,0
Carl Furillo,15,1806,6378,895,1910,324,56,192,1058,514,436,48,26,0.299,0
Dante Bichette,14,1704,6381,934,1906,401,27,274,1141,355,1078,152,73,0.299,0
Jack Tobin,13,1619,6174,936,1906,294,99,64,392,508,267,147,62,0.309,0
Lance Berkman,15,1879,6491,1146,1905,422,30,366,1234,1201,1300,86,48,0.293,0
Royce Clayton,17,2108,7379,935,1904,363,55,110,723,565,1415,231,100,0.258,0
Brian Giles,15,1847,6527,1121,1897,411,55,287,1078,1183,835,109,45,0.291,0
Terry Pendleton,15,1893,7032,851,1897,356,39,140,946,486,979,127,59,0.27,0
Jim Gilliam,14,1956,7119,1163,1889,304,71,65,558,1036,416,203,111,0.265,0
Luis Castillo,15,1720,6510,1001,1889,194,59,28,443,800,850,370,142,0.29,0
Larry Doyle,14,1766,6509,960,1887,299,123,74,50,625,274,298,27,0.29,0
Bobby Bonds,14,1849,7043,1258,1886,302,66,332,1024,914,1757,461,169,0.268,0
Robin Ventura,16,2079,7064,1006,1885,338,14,294,1182,1075,1179,24,38,0.267,0
Claudell Washington,17,1912,6787,926,1884,334,69,164,824,468,1266,312,134,0.278,0
Vinny Castilla,16,1854,6822,902,1884,349,28,320,1105,423,1069,33,43,0.276,0
Tommy Tucker,13,1687,6479,1084,1882,240,85,42,0,479,223,352,0,0.29,0
Paul Hines,16,1481,6253,1083,1881,368,84,56,0,366,304,153,0,0.301,0
Matt Williams,17,1866,7000,997,1878,338,35,378,1218,469,1363,53,35,0.268,0
Roger Peckinpaugh,17,2012,7233,1006,1876,256,75,48,409,814,609,205,70,0.259,0
Chet Lemon,16,1988,6868,973,1875,396,61,215,884,749,1024,58,76,0.273,0
Ron Cey,17,2073,7162,977,1868,328,21,316,1139,1012,1235,24,29,0.261,0
Eddie Yost,18,2109,7346,1215,1863,337,56,139,683,1614,920,72,66,0.254,0
Bobby Murcer,17,1908,6730,972,1862,285,45,252,1043,862,841,127,75,0.277,0
Mark Teixeira,14,1862,6936,1099,1862,408,18,409,1298,918,1441,26,7,0.268,0
Curt Flood,15,1759,6357,851,1861,271,44,85,636,444,609,88,73,0.293,0
Vern Stephens,15,1720,6497,1001,1859,307,42,247,1174,692,685,25,22,0.286,0
Pete Runnels,14,1799,6373,876,1854,282,64,49,630,844,627,37,51,0.291,0
Dick Allen,15,1749,6332,1099,1848,320,79,351,1119,894,1556,133,52,0.292,0
Harry Davis,22,1755,6653,1001,1841,361,145,75,0,525,45,285,2,0.277,0
John Anderson,14,1635,6341,870,1841,328,124,49,0,310,55,338,0,0.29,0
Chuck Knoblauch,12,1632,6366,1132,1839,322,64,98,615,804,730,407,117,0.289,0
Bob Boone,19,2264,7245,679,1838,303,26,105,826,663,608,38,50,0.254,0
Frank Baker,13,1575,5984,887,1838,315,103,96,107,473,182,235,28,0.307,1
Sam West,16,1753,6148,934,1838,347,101,75,838,696,540,53,56,0.299,0
Hanley Ramirez,15,1668,6349,1049,1834,375,32,271,917,660,1234,281,93,0.289,0
Mike Tiernan,13,1476,5906,1313,1834,256,162,106,0,747,318,428,0,0.311,0
Arlie Latham,17,1627,6822,1478,1833,245,85,27,0,588,239,739,0,0.269,0
Bobby Grich,17,2008,6890,1033,1833,320,47,224,864,1087,1278,104,83,0.266,0
Edwin Encarnacion,16,1960,7040,1099,1832,370,10,424,1261,903,1426,61,14,0.26,0
Joe Adcock,17,1959,6606,823,1832,295,35,336,1122,594,1059,20,25,0.277,0
Benito Santiago,20,1978,6951,755,1830,323,41,217,920,430,1270,91,69,0.263,0
Bob Watson,19,1832,6185,802,1826,307,41,184,989,653,796,27,28,0.295,0
Jack Clark,18,1994,6847,1118,1826,332,39,340,1180,1262,1441,77,61,0.267,0
Gus Bell,20,1741,6478,865,1823,311,66,206,942,470,636,30,31,0.281,0
Norm Cash,17,2089,6705,1046,1820,241,41,377,1103,1043,1091,43,30,0.271,0
Babe Herman,13,1552,5603,882,1818,399,110,181,997,520,553,94,0,0.324,0
Rafael Furcal,14,1614,6477,1063,1817,311,69,113,587,643,910,314,94,0.281,0
Matt Kemp,15,1750,6365,950,1808,338,37,287,1031,518,1641,184,63,0.284,0
Jack Doyle,17,1564,6039,971,1806,315,64,26,0,437,132,516,0,0.299,0
Milt Stock,14,1628,6249,839,1806,270,58,22,449,455,321,155,75,0.289,0
Donie Bush,16,1946,7210,1280,1804,186,74,9,69,1158,346,404,75,0.25,0
Kip Selbach,13,1610,6158,1064,1803,299,149,44,0,783,76,334,0,0.293,0
Roy White,15,1881,6650,964,1803,300,51,160,758,934,708,233,117,0.271,0
Garry Maddox,15,1749,6331,777,1802,337,62,117,754,323,781,248,92,0.285,0
Curtis Granderson,16,2057,7236,1217,1800,346,95,344,937,924,1916,153,50,0.249,0
Joe Quinn,17,1768,6879,891,1797,228,70,29,0,364,214,268,0,0.261,0
Andy Pafko,17,1852,6292,844,1796,264,62,213,976,561,477,38,13,0.285,0
Greg Luzinski,15,1821,6505,880,1795,344,24,307,1128,845,1495,37,31,0.276,0
Vernon Wells,15,1731,6642,930,1794,379,34,270,958,472,956,109,37,0.27,0
Sal Bando,16,2019,7060,982,1790,289,38,242,1039,1031,923,75,46,0.254,0
Larry Parrish,15,1891,6792,850,1789,360,33,256,992,529,1359,30,36,0.263,0
Mark Kotsay,17,1914,6464,790,1784,353,48,127,720,554,757,98,64,0.276,0
Lance Parrish,19,1988,7067,856,1782,305,27,324,1070,612,1527,28,37,0.252,0
Jermaine Dye,14,1763,6487,984,1779,363,25,325,1072,597,1308,46,26,0.274,0
Alex Rios,12,1691,6419,885,1778,374,63,169,794,400,1117,253,77,0.277,0
David Wright,14,1585,5998,949,1777,390,26,242,970,762,1292,196,65,0.296,0
Matty Alou,15,1667,5789,780,1777,236,50,31,427,311,377,156,80,0.307,0
Boog Powell,17,2042,6681,889,1776,270,11,339,1187,1001,1226,20,21,0.266,0
Travis Fryman,13,1698,6481,895,1776,345,40,223,1022,602,1369,72,38,0.274,0
Bret Boone,14,1780,6683,927,1775,366,28,252,1021,552,1295,94,53,0.266,0
Frank Howard,16,1895,6488,864,1774,245,35,382,1119,782,1460,8,9,0.273,0
Heinie Groh,16,1676,6074,918,1774,308,87,26,252,696,345,180,66,0.292,0
Joe Jackson,13,1332,4981,873,1772,307,168,54,121,519,158,202,61,0.356,0
Harry Stovey,14,1486,6138,1492,1771,347,174,122,0,663,343,509,0,0.289,0
Frank Schulte,15,1806,6533,906,1766,288,124,92,0,545,515,233,17,0.27,0
Ted Kluszewski,15,1718,5929,848,1766,290,29,279,1028,492,365,20,10,0.298,0
Ozzie Guillen,16,1993,6686,773,1764,275,69,28,619,239,511,169,108,0.264,0
Asdrubal Cabrera,15,1822,6632,886,1763,401,28,195,869,589,1330,91,32,0.266,0
Jhonny Peralta,15,1798,6599,841,1761,376,24,202,873,606,1450,17,27,0.267,0
Chris Speier,19,2260,7156,770,1759,302,50,112,720,847,988,42,54,0.246,0
Ginger Beaumont,12,1463,5660,955,1759,182,82,39,0,425,14,254,0,0.311,0
Randy Winn,13,1717,6186,863,1759,367,59,110,662,526,1010,215,84,0.284,0
Johnny Callison,16,1886,6652,926,1757,321,89,226,840,650,1064,74,51,0.264,0
Mike Griffin,12,1511,5914,1405,1753,313,108,42,0,809,206,473,0,0.296,0
Ossie Bluege,18,1867,6440,883,1751,276,67,43,848,723,515,140,87,0.272,0
Kent Hrbek,14,1747,6192,903,1749,312,18,293,1086,838,798,37,26,0.282,0
Deacon McGuire,26,1781,6290,770,1748,300,79,45,0,515,214,117,0,0.278,0
Freddy Lindstrom,13,1438,5611,895,1747,301,81,103,779,334,276,84,10,0.311,0
Howie Kendrick,15,1621,5950,792,1747,354,38,127,724,349,1102,126,47,0.294,0
Nomar Garciaparra,14,1434,5586,927,1747,370,52,229,936,403,554,95,31,0.313,0
Eric Young Sr.,15,1730,6119,996,1731,327,46,79,543,660,462,465,168,0.283,0
Rocky Colavito,14,1841,6503,971,1730,283,21,374,1159,951,880,19,27,0.266,0
Tony Cuccinello,15,1704,6184,730,1729,334,46,94,884,579,497,42,3,0.28,0
Albert Belle,12,1539,5853,974,1726,389,21,381,1239,683,961,88,41,0.295,0
Jim Fregosi,18,1902,6523,844,1726,264,78,151,706,715,1097,76,40,0.265,0
Steve Brodie,12,1437,5699,886,1726,191,89,25,0,420,148,289,0,0.303,0
Leo Cardenas,16,1941,6707,662,1725,285,49,118,689,522,1135,39,48,0.257,0
Eric Karros,14,1755,6441,797,1724,324,11,284,1027,552,1167,59,30,0.268,0
Cy Seymour,16,1528,5682,737,1723,229,96,52,0,354,32,222,0,0.303,0
Starlin Castro,12,1573,6148,698,1722,319,40,138,678,338,1108,89,52,0.28,0
Cupid Childs,13,1456,5618,1214,1720,205,100,20,0,991,117,269,0,0.306,0
Vic Power,12,1627,6046,765,1716,290,49,126,658,279,247,45,35,0.284,0
Baby doll Jacobson,11,1472,5507,787,1714,328,94,83,700,355,410,86,54,0.311,0
Mark Loretta,15,1726,5812,768,1713,309,22,76,629,555,605,47,35,0.295,0
Frank McCormick,13,1534,5723,722,1711,334,26,128,951,399,189,27,0,0.299,0
Ken Caminiti,15,1760,6288,894,1710,348,17,239,983,727,1163,88,39,0.272,0
Augie Galan,16,1742,5937,1004,1706,336,74,100,830,979,393,123,0,0.287,0
Bill White,13,1673,5972,843,1706,278,65,202,870,596,927,103,68,0.286,0
Bobby Thomson,15,1779,6305,903,1705,267,74,264,1026,559,804,38,20,0.27,0
Lou Piniella,18,1747,5867,651,1705,305,41,102,766,368,541,32,41,0.291,0
Roy Sievers,17,1887,6387,945,1703,292,42,318,1147,841,920,14,19,0.267,0
George A. Bell,12,1587,6123,814,1702,308,34,265,1002,331,771,67,36,0.278,0
Pinky Whitney,12,1539,5765,696,1701,303,56,93,927,400,438,45,0,0.295,0
Dave Philley,18,1904,6296,789,1700,276,72,84,729,594,551,101,63,0.27,0
Mike Cameron,17,1955,6839,1064,1700,383,59,278,968,867,1901,297,83,0.249,0
Aubrey Huff,13,1681,6104,806,1699,360,24,242,904,571,907,37,25,0.278,0
Darin Erstad,14,1654,6024,913,1697,316,33,124,699,475,939,179,58,0.282,0
Jim Gantner,17,1801,6189,726,1696,262,38,47,568,383,501,137,78,0.274,0
Lu Blue,13,1615,5904,1151,1696,319,109,44,695,1092,436,151,85,0.287,0
Richie Hebner,18,1908,6144,865,1694,273,57,203,890,687,741,38,40,0.276,0
Bob Meusel,11,1407,5475,826,1693,368,95,156,1067,375,619,142,102,0.309,0
Vic Wertz,17,1862,6099,867,1692,289,42,266,1178,828,842,9,19,0.277,0
Billy Goodman,16,1623,5644,807,1691,299,44,19,591,669,329,37,30,0.3,0
Alfredo Griffin,18,1962,6780,759,1688,245,78,24,527,338,664,192,134,0.249,0
Hardy Richardson,14,1331,5642,1120,1688,303,126,70,0,377,445,205,0,0.299,0
Shano Collins,16,1799,6390,747,1687,310,133,22,231,331,405,225,83,0.264,0
Tony Pena,18,1988,6489,667,1687,298,27,107,708,455,846,80,63,0.26,0
Joe Vosmik,13,1414,5472,818,1682,335,92,65,874,514,272,23,24,0.307,0
Dom Dimaggio,11,1399,5640,1046,1680,308,57,87,618,750,571,100,62,0.298,0
Pete Fox,13,1461,5636,895,1678,314,75,65,694,392,471,158,81,0.298,0
Rico Carty,15,1651,5606,712,1677,278,17,204,890,642,663,21,26,0.299,0
Tim Salmon,14,1672,5934,986,1674,339,24,299,1016,970,1360,48,42,0.282,0
Davey Lopes,16,1812,6354,1023,1671,232,50,155,614,833,852,557,114,0.263,0
Fred Pfeffer,16,1670,6555,1094,1671,231,119,94,0,527,498,382,0,0.255,0
Shin-Soo Choo,16,1652,6087,961,1671,339,29,218,782,868,1579,157,55,0.275,0
Reggie Sanders,17,1777,6241,1037,1666,341,60,305,983,674,1614,304,115,0.267,0
Jim Wynn,15,1920,6653,1105,1665,285,39,291,964,1224,1427,225,101,0.25,0
Jorge Posada,17,1829,6092,900,1664,379,10,275,1065,936,1453,20,21,0.273,0
Brady Anderson,15,1834,6499,1062,1661,338,67,210,761,960,1190,315,100,0.256,0
Cookie Rojas,16,1822,6309,714,1660,254,25,54,593,396,489,74,68,0.263,0
Mickey Rivers,15,1468,5629,785,1660,247,71,61,499,266,471,267,90,0.295,0
